{
  "name" : "CSVParser- V1",
  "sourceOrgId" : "9r6QYGuEUsydXjdSzxJgWX",
  "sourceOrgName" : "Fahd Ali Zahid Suborg",
  "exportedObjects" : [ {
    "objectGuid" : "0t4x1sGfICliIFoPZRxxeR",
    "objectName" : "FAZ",
    "objectType" : "Project",
    "path" : "/Explore",
    "metadata" : {
      "modelVersion" : {
        "major" : 0,
        "minor" : 0
      },
      "repoInfo" : null,
      "objectRefs" : [ ],
      "contextAttributes" : [ ],
      "additionalInfo" : {
        "description" : "",
        "contentType" : "Binary",
        "documentState" : "COMPLETE"
      }
    }
  }, {
    "objectGuid" : "7knQrOQjTpAcK1nmBXqWcY",
    "objectName" : "CSV",
    "objectType" : "PROCESS_OBJECT",
    "path" : "/Explore/FAZ/CSVParser",
    "metadata" : {
      "modelVersion" : {
        "major" : 1,
        "minor" : 0
      },
      "repoInfo" : {
        "repoHandle" : "4JsJGD4ARW8UBM7-gt-166265-2024-11-11T17:24:26.903Z::po.xml"
      },
      "objectRefs" : [ ],
      "contextAttributes" : null,
      "additionalInfo" : {
        "description" : "The field names here should match what is in the CSV",
        "contentType" : "application/json; charset=utf-8",
        "documentState" : "VALID"
      }
    }
  }, {
    "objectGuid" : "iX8fQAneGkpgQ2d9sT35wK",
    "objectName" : "CSVParser_wrapper",
    "objectType" : "PROCESS",
    "path" : "/Explore/FAZ/CSVParser",
    "metadata" : {
      "modelVersion" : {
        "major" : 1,
        "minor" : 0
      },
      "repoInfo" : {
        "repoHandle" : "7vJQhtGci3zymbd-gt-168574-2024-11-11T18:25:50.945Z::pd.xml"
      },
      "objectRefs" : [ "7knQrOQjTpAcK1nmBXqWcY", "5EkzsYTrLKNg22tIdWJryp" ],
      "contextAttributes" : null,
      "additionalInfo" : {
        "description" : "",
        "contentType" : "application/json; charset=utf-8",
        "documentState" : "VALID"
      }
    }
  }, {
    "objectGuid" : "5EkzsYTrLKNg22tIdWJryp",
    "objectName" : "CSVParser",
    "objectType" : "PROCESS",
    "path" : "/Explore/FAZ/CSVParser",
    "metadata" : {
      "modelVersion" : {
        "major" : 1,
        "minor" : 0
      },
      "repoInfo" : {
        "repoHandle" : "lJKoJBUhtycotFg-gt-165910-2024-11-11T17:20:28.189Z::pd.xml"
      },
      "objectRefs" : [ "7knQrOQjTpAcK1nmBXqWcY" ],
      "contextAttributes" : null,
      "additionalInfo" : {
        "description" : "",
        "contentType" : "application/json; charset=utf-8",
        "documentState" : "VALID"
      }
    }
  }, {
    "objectGuid" : "8iybdOpSm8HdGn7NLcJYar",
    "objectName" : "CSVParser",
    "objectType" : "Folder",
    "path" : "/Explore/FAZ",
    "metadata" : {
      "modelVersion" : {
        "major" : 0,
        "minor" : 0
      },
      "repoInfo" : null,
      "objectRefs" : [ ],
      "contextAttributes" : [ ],
      "additionalInfo" : {
        "description" : "",
        "contentType" : "Binary",
        "documentState" : "COMPLETE"
      }
    }
  } ]
}