<aetgt:getResponse xmlns:aetgt="http://schemas.active-endpoints.com/appmodules/repository/2010/10/avrepository.xsd"
                   xmlns:types1="http://schemas.active-endpoints.com/appmodules/repository/2010/10/avrepository.xsd">
   <types1:Item>
      <types1:EntryId>4JsJGD4ARW8UBM7-gt-166265-2024-11-11T17:24:26.903Z::po.xml</types1:EntryId>
      <types1:Name>CSV</types1:Name>
      <types1:ParentFlowIds>lJKoJBUhtycotFg-gt-165910-2024-11-11T17:20:28.189Z::pd.xml</types1:ParentFlowIds>
      <types1:MimeType>application/xml+processobject</types1:MimeType>
      <types1:Description>The field names here should match what is in the CSV</types1:Description>
      <types1:AppliesTo/>
      <types1:Tags/>
      <types1:VersionLabel>1.0</types1:VersionLabel>
      <types1:State>CURRENT</types1:State>
      <types1:ProcessGroup/>
      <types1:CreatedBy>fzahid_CAN_tspod_SO</types1:CreatedBy>
      <types1:CreationDate>2024-11-11T17:24:27Z</types1:CreationDate>
      <types1:ModifiedBy>fzahid_CAN_tspod_SO</types1:ModifiedBy>
      <types1:ModificationDate>2024-11-11T18:48:44Z</types1:ModificationDate>
      <types1:PublicationStatus>unpublished</types1:PublicationStatus>
      <types1:Entry>
         <processObject xmlns="http://schemas.active-endpoints.com/appmodules/screenflow/2011/06/avosHostEnvironment.xsd"
                        displayName="CSV"
                        isByCopy="true"
                        name="CSV">
            <description>The field names here should match what is in the CSV</description>
            <tags/>
            <detail>
               <field label="Field1"
                      name="Field1"
                      nullable="true"
                      required="false"
                      type="string">
                  <options/>
               </field>
               <field label="Field2"
                      name="Field2"
                      nullable="true"
                      required="false"
                      type="string">
                  <options/>
               </field>
            </detail>
         </processObject>
      </types1:Entry>
      <types1:GUID>7knQrOQjTpAcK1nmBXqWcY</types1:GUID>
      <types1:DisplayName>CSV</types1:DisplayName>
   </types1:Item>
   <types1:CurrentServerDateTime>2024-11-11T18:49:20.819Z</types1:CurrentServerDateTime>
</aetgt:getResponse>
