<aetgt:getResponse xmlns:aetgt="http://schemas.active-endpoints.com/appmodules/repository/2010/10/avrepository.xsd"
                   xmlns:types1="http://schemas.active-endpoints.com/appmodules/repository/2010/10/avrepository.xsd">
   <types1:Item>
      <types1:EntryId>7vJQhtGci3zymbd-gt-168574-2024-11-11T18:25:50.945Z::pd.xml</types1:EntryId>
      <types1:Name>CSVParser_wrapper</types1:Name>
      <types1:MimeType>application/xml+process</types1:MimeType>
      <types1:Description/>
      <types1:AppliesTo/>
      <types1:Tags/>
      <types1:VersionLabel>1.0</types1:VersionLabel>
      <types1:State>CURRENT</types1:State>
      <types1:ProcessGroup/>
      <types1:CreatedBy>fzahid_CAN_tspod_SO</types1:CreatedBy>
      <types1:CreationDate>2024-11-11T18:25:51Z</types1:CreationDate>
      <types1:ModifiedBy>fzahid_CAN_tspod_SO</types1:ModifiedBy>
      <types1:ModificationDate>2024-11-11T18:34:23Z</types1:ModificationDate>
      <types1:PublicationStatus>out-of-date</types1:PublicationStatus>
      <types1:PublishedBy>fzahid_CAN_tspod_SO</types1:PublishedBy>
      <types1:PublicationDate>2024-11-11T18:34:28Z</types1:PublicationDate>
      <types1:PublishedContributionId>project:/spi.CSVParser_wrapper/CSVParser_wrapper.pd.xml</types1:PublishedContributionId>
      <types1:Entry>
         <process xmlns="http://schemas.active-endpoints.com/appmodules/screenflow/2010/10/avosScreenflow.xsd"
                  xmlns:tfm="http://schemas.active-endpoints.com/appmodules/screenflow/2021/04/taskflowModel.xsd"
                  xmlns:list="urn:activevos:spi:list:functions"
                  GUID="iX8fQAneGkpgQ2d9sT35wK"
                  displayName="CSVParser_wrapper"
                  name="CSVParser_wrapper"
                  overrideAPIName="false"
                  processNamespace="urn:screenflow:process:">
            <parameterSet xmlns="http://schemas.active-endpoints.com/appmodules/screenflow/2021/04/taskflowModel.xsd"/>
            <appliesTo/>
            <description/>
            <tags/>
            <generator>Informatica Process Designer 11</generator>
            <output>
               <field description="" name="o_msg" type="reference">
                  <options>
                     <option name="required">false</option>
                     <option name="referenceTo">$po:$any</option>
                     <option name="isCopy">true</option>
                  </options>
               </field>
            </output>
            <notes/>
            <deployment skipIfRunning="false" suspendOnFault="false" tracingLevel="none">
               <rest>
                  <allowAnonymousAccess/>
               </rest>
            </deployment>
            <extData>
               <nvpair name="treatEmptyObjectListAsArray">true</nvpair>
               <nvpair name="treatEmptyObjectListAsNotArray">false</nvpair>
            </extData>
            <flow id="zce73a431-d8a0-45c4-90a5-2c4accb95c3b">
               <start id="y7b119854-1511-4830-9d56-3deefeb0c5bc">
                  <link id="gc33cb7c2-c1d5-43d5-a26c-52dcc7f9d0bd"
                        targetId="Subprocesse94d3989-7776-4868-b2a1-983629ae42c6"/>
               </start>
               <subflow id="Subprocesse94d3989-7776-4868-b2a1-983629ae42c6">
                  <title>CSVParser</title>
                  <subflowGUID>5EkzsYTrLKNg22tIdWJryp</subflowGUID>
                  <subflowPath>CSVParser</subflowPath>
                  <appliesTo/>
                  <runForEach>false</runForEach>
                  <input/>
                  <outputDef>
                     <field description="" name="o_ParsedCSV" type="objectlist">
                        <options>
                           <option name="required">false</option>
                           <option name="referenceTo">$po:CSV</option>
                           <option name="isCopy">true</option>
                           <option name="guid">7knQrOQjTpAcK1nmBXqWcY</option>
                           <option hide="true" name="multiSelect">true</option>
                        </options>
                     </field>
                     <field description="" name="o_unparsedCSV" type="string">
                        <options>
                           <option name="required">false</option>
                        </options>
                     </field>
                  </outputDef>
                  <link id="xd7d1ed0c-31b2-43ee-9181-2fb7306125d2"
                        targetId="Assignment53c3bad4-b117-4883-8815-d399d93c2381"/>
               </subflow>
               <assignment id="Assignment53c3bad4-b117-4883-8815-d399d93c2381">
                  <title>Assignment to o_msg</title>
                  <operation source="formula" to="output.o_msg">
                     <expression language="XQuery">$output.o_ParsedCSV</expression>
                  </operation>
                  <link id="oad9fbfb4-cc03-445a-b225-492e4b108f1c"
                        targetId="a1iX8fQAneGkpgQ2d9sT35wK-end-c998af4d2-686b-42a4-834a-f242e017f7da"/>
               </assignment>
               <end id="a1iX8fQAneGkpgQ2d9sT35wK-end-c998af4d2-686b-42a4-834a-f242e017f7da">
                  <title>End</title>
               </end>
            </flow>
         </process>
      </types1:Entry>
      <types1:GUID>iX8fQAneGkpgQ2d9sT35wK</types1:GUID>
      <types1:DisplayName>CSVParser_wrapper</types1:DisplayName>
   </types1:Item>
   <types1:CurrentServerDateTime>2024-11-11T18:49:20.927Z</types1:CurrentServerDateTime>
</aetgt:getResponse>
