<aetgt:getResponse xmlns:aetgt="http://schemas.active-endpoints.com/appmodules/repository/2010/10/avrepository.xsd"
                   xmlns:types1="http://schemas.active-endpoints.com/appmodules/repository/2010/10/avrepository.xsd">
   <types1:Item>
      <types1:EntryId>lJKoJBUhtycotFg-gt-165910-2024-11-11T17:20:28.189Z::pd.xml</types1:EntryId>
      <types1:Name>CSVParser</types1:Name>
      <types1:ParentFlowIds>7vJQhtGci3zymbd-gt-168574-2024-11-11T18:25:50.945Z::pd.xml</types1:ParentFlowIds>
      <types1:MimeType>application/xml+process</types1:MimeType>
      <types1:Description/>
      <types1:AppliesTo/>
      <types1:Tags>.agent:fz.mac.presales</types1:Tags>
      <types1:VersionLabel>1.0</types1:VersionLabel>
      <types1:State>CURRENT</types1:State>
      <types1:ProcessGroup/>
      <types1:CreatedBy>fzahid_CAN_tspod_SO</types1:CreatedBy>
      <types1:CreationDate>2024-11-11T17:20:28Z</types1:CreationDate>
      <types1:ModifiedBy>fzahid_CAN_tspod_SO</types1:ModifiedBy>
      <types1:ModificationDate>2024-11-11T18:47:40Z</types1:ModificationDate>
      <types1:PublicationStatus>published</types1:PublicationStatus>
      <types1:PublishedBy>fzahid_CAN_tspod_SO</types1:PublishedBy>
      <types1:PublicationDate>2024-11-11T18:47:46Z</types1:PublicationDate>
      <types1:PublishedContributionId>project:/spi.CSVParser/CSVParser.pd.xml</types1:PublishedContributionId>
      <types1:Entry>
         <process xmlns="http://schemas.active-endpoints.com/appmodules/screenflow/2010/10/avosScreenflow.xsd"
                  xmlns:tfm="http://schemas.active-endpoints.com/appmodules/screenflow/2021/04/taskflowModel.xsd"
                  xmlns:list="urn:activevos:spi:list:functions"
                  GUID="5EkzsYTrLKNg22tIdWJryp"
                  displayName="CSVParser"
                  name="CSVParser"
                  overrideAPIName="false"
                  processNamespace="urn:screenflow:process:">
            <parameterSet xmlns="http://schemas.active-endpoints.com/appmodules/screenflow/2021/04/taskflowModel.xsd"/>
            <appliesTo/>
            <description/>
            <tags>.agent:fz.mac.presales</tags>
            <generator>Informatica Process Designer 11</generator>
            <output>
               <field description="" name="o_ParsedCSV" type="objectlist">
                  <options>
                     <option name="required">false</option>
                     <option name="referenceTo">$po:CSV</option>
                     <option name="isCopy">true</option>
                     <option name="guid">7knQrOQjTpAcK1nmBXqWcY</option>
                     <option hide="true" name="multiSelect">true</option>
                  </options>
               </field>
               <field description="" name="o_unparsedCSV" type="string">
                  <options>
                     <option name="required">false</option>
                  </options>
               </field>
            </output>
            <tempFields>
               <field description="" name="Path" type="string">
                  <options>
                     <option name="required">false</option>
                  </options>
               </field>
               <field description="" name="FileExists" type="boolean">
                  <options>
                     <option name="required">false</option>
                     <option name="defaultvalue">false</option>
                     <option name="boolean_show_as">checkbox</option>
                  </options>
               </field>
               <field description="" name="FileContent" type="string">
                  <options>
                     <option name="required">false</option>
                     <option name="initialvalue">File Does not Exist</option>
                  </options>
               </field>
               <field description="" name="FileContentXML" type="string">
                  <options>
                     <option name="required">false</option>
                  </options>
               </field>
            </tempFields>
            <notes/>
            <deployment skipIfRunning="false" suspendOnFault="false" tracingLevel="verbose">
               <targetLocation>fz.mac.presales</targetLocation>
               <rest>
                  <allowAnonymousAccess/>
               </rest>
            </deployment>
            <extData>
               <nvpair name="treatEmptyStringAsNotNull">false</nvpair>
               <nvpair name="treatEmptyStringAsNull">true</nvpair>
               <nvpair name="treatEmptyObjectListAsArray">true</nvpair>
               <nvpair name="treatEmptyObjectListAsNotArray">false</nvpair>
            </extData>
            <flow id="i964ab8da-62d0-4100-8634-42cdce7a1b10">
               <start id="l0374242f-18ba-498b-882e-33e5b33f1f29">
                  <link id="a080ea0ef-7d65-47d1-985b-399f522de99f"
                        targetId="a15EkzsYTrLKNg22tIdWJryp-Assignment7f3539f9-6a02-463b-ab50-d6bb87fdc694"/>
               </start>
               <assignment id="a15EkzsYTrLKNg22tIdWJryp-Assignment7f3539f9-6a02-463b-ab50-d6bb87fdc694">
                  <title>Check  File</title>
                  <operation source="formula" to="temp.Path">
                     <expression language="XQuery">'file:///home/infa/data/sample.csv'
</expression>
                  </operation>
                  <operation source="formula" to="temp.FileExists">
                     <expression language="XQuery">fn:unparsed-text-available($temp.Path )</expression>
                  </operation>
                  <link id="mf7648315-0b60-4e52-85fc-76a1c2621bc7"
                        targetId="a15EkzsYTrLKNg22tIdWJryp-Decision09d8f486-d348-40d5-8213-27c59a84bac0"/>
               </assignment>
               <assignment id="a15EkzsYTrLKNg22tIdWJryp-Assignment00fe40f2-cb77-4177-a29a-a11504dea4b8">
                  <title>Setup Output</title>
                  <operation source="field" to="output.o_unparsedCSV">temp.FileContent</operation>
                  <operation source="formula" to="output.o_ParsedCSV">
                     <expression language="XQuery">$temp.FileContentXML</expression>
                  </operation>
                  <link id="y0b7f47c8-b8f8-4f34-ba23-a0f1905eddb7"
                        targetId="a15EkzsYTrLKNg22tIdWJryp-end-c998af4d2-686b-42a4-834a-f242e017f7da"/>
               </assignment>
               <container id="a15EkzsYTrLKNg22tIdWJryp-Decision09d8f486-d348-40d5-8213-27c59a84bac0"
                          type="exclusive">
                  <title>FileExists</title>
                  <flow id="l7b1006c3-4558-44ae-958a-0612b188df13">
                     <assignment id="a15EkzsYTrLKNg22tIdWJryp-Assignmentc6784282-0d74-46ab-875a-81ea6f5c85d1">
                        <title>Read File</title>
                        <operation source="formula" to="temp.FileContent">
                           <expression language="XQuery">fn:unparsed-text($temp.Path)</expression>
                        </operation>
                        <link id="r3cea1e59-a888-4f8e-a6df-4e34e8905bd9"
                              targetId="a15EkzsYTrLKNg22tIdWJryp-Assignment1d2e6377-62f6-4b95-a704-81499c633155"/>
                     </assignment>
                     <assignment id="a15EkzsYTrLKNg22tIdWJryp-Assignment1d2e6377-62f6-4b95-a704-81499c633155">
                        <title>XML Parse</title>
                        <operation source="formula" to="temp.FileContentXML">
                           <expression language="XQuery">let $lines := tokenize($temp.FileContent, '\n')
let $fieldnames := tokenize($lines[1], '\s*,\s*')
return
&lt;results&gt;
{
  for $line at $i in $lines
  where $i gt 1 and $line != ''  (: Skip header and empty lines :)
  let $fields := tokenize($line, '\s*,\s*')
  return
  &lt;row&gt;{
    for $fieldname at $j in $fieldnames
    return
      element {fn:replace($fieldname, '"', '')} {fn:replace($fields[$j], '"', '')}
  }&lt;/row&gt;
}&lt;/results&gt;
</expression>
                        </operation>
                     </assignment>
                     <link id="k635bdc1a-6d8d-48b4-92c1-57dde205f746"
                           targetId="a15EkzsYTrLKNg22tIdWJryp-Decision09d8f486-d348-40d5-8213-27c59a84bac0"
                           type="containerLink"/>
                  </flow>
                  <flow id="ib603a44f-d73f-4511-b176-77ccb217a149">
                     <link id="qf5705301-4057-4a99-a481-8951463cab28"
                           targetId="a15EkzsYTrLKNg22tIdWJryp-Decision09d8f486-d348-40d5-8213-27c59a84bac0"
                           type="containerLink"/>
                  </flow>
                  <link id="td696facd-bd43-435b-9f2c-43fe90d34fe4"
                        targetId="l7b1006c3-4558-44ae-958a-0612b188df13"
                        type="containerLink">
                     <condition source="formula">
                        <function name="true">
                           <arg name="field">{$temp.FileExists}</arg>
                        </function>
                     </condition>
                  </link>
                  <link id="j62684744-4dc4-462e-80e7-f96fec009607"
                        targetId="ib603a44f-d73f-4511-b176-77ccb217a149"
                        type="containerLink">
                     <condition source="formula">
                        <function name="false">
                           <arg name="field">{$temp.FileExists}</arg>
                        </function>
                     </condition>
                  </link>
                  <link id="aa3bbeb70-e204-4c62-b0f0-335213e46847"
                        targetId="a15EkzsYTrLKNg22tIdWJryp-Assignment00fe40f2-cb77-4177-a29a-a11504dea4b8"/>
               </container>
               <end id="a15EkzsYTrLKNg22tIdWJryp-end-c998af4d2-686b-42a4-834a-f242e017f7da">
                  <title>End</title>
               </end>
            </flow>
         </process>
         <ns1:sample-data-sets xmlns:ns1="http://schemas.active-endpoints.com/appmodules/repository/2010/10/sampleData.xsd">
            <ns1:SampleData>
               <ns1:Id>99b7f692-1653-4cf1-865a-f90c478127c7</ns1:Id>
               <ns1:Name>default</ns1:Name>
               <ns1:CreatedBy>fzahid_CAN_tspod_SO</ns1:CreatedBy>
               <ns1:CreationDate>2024-11-11T17:44:33Z</ns1:CreationDate>
               <ns1:ModifiedBy>fzahid_CAN_tspod_SO</ns1:ModifiedBy>
               <ns1:ModificationDate>2024-11-11T17:44:34Z</ns1:ModificationDate>
               <ns1:Data format="json">{}</ns1:Data>
            </ns1:SampleData>
         </ns1:sample-data-sets>
      </types1:Entry>
      <types1:GUID>5EkzsYTrLKNg22tIdWJryp</types1:GUID>
      <types1:DisplayName>CSVParser</types1:DisplayName>
   </types1:Item>
   <types1:CurrentServerDateTime>2024-11-11T18:49:20.873Z</types1:CurrentServerDateTime>
</aetgt:getResponse>
